{
    "1": {
        "goal": [
            -35.98153743937287,
            -430.6748418287196,
            0
        ],
        "actions": [],
        "rewards": [],
        "drone_ob": []
    },
    "2": {
        "goal": [
            -103.16894138732384,
            -386.1456878474638,
            0
        ],
        "actions": [
            0
        ],
        "rewards": [
            -0.5
        ],
        "drone_ob": [
            [
                0.0127328546,
                -267.921035,
                48.0269622,
                0.1493955095606651,
                0.14670487956857758,
                -0.6829530779916054,
                0.699809797942034,
                0.009548782678424923,
                0.4217867581853925,
                -1.5443721331557274,
                -0.0123827095,
                -10.0324182,
                -0.0046674927,
                0.0,
                0.0,
                0.0,
                0,
                0,
                0,
                0,
                0.009548782678424923,
                0.4217867581853925,
                -1.5443721331557274
            ]
        ]
    },
    "3": {
        "goal": [
            23.456171668797282,
            -493.23841041770845,
            0
        ],
        "actions": [
            0
        ],
        "rewards": [
            -0.5
        ],
        "drone_ob": [
            [
                0.0127328546,
                -267.921035,
                48.0269622,
                0.1493955095606651,
                0.14670487956857758,
                -0.6829530779916054,
                0.699809797942034,
                0.009548782678424923,
                0.4217867581853925,
                -1.5443721331557274,
                -0.0123827095,
                -10.0324182,
                -0.0046674927,
                0.0,
                0.0,
                0.0,
                0,
                0,
                0,
                0,
                0.0,
                0.0,
                0.0
            ]
        ]
    },
    "4": {
        "goal": [
            -72.77870981378953,
            -426.6889632843729,
            0
        ],
        "actions": [
            0
        ],
        "rewards": [
            -0.5
        ],
        "drone_ob": [
            [
                0.0127328546,
                -267.921035,
                48.0269622,
                0.1493955095606651,
                0.14670487956857758,
                -0.6829530779916054,
                0.699809797942034,
                0.009548782678424923,
                0.4217867581853925,
                -1.5443721331557274,
                -0.0123827095,
                -10.0324182,
                -0.0046674927,
                0.0,
                0.0,
                0.0,
                0,
                0,
                0,
                0,
                0.0,
                0.0,
                0.0
            ]
        ]
    },
    "5": {
        "goal": [
            -93.46900293998209,
            -479.3916934353128,
            0
        ],
        "actions": [
            0
        ],
        "rewards": [
            -0.5
        ],
        "drone_ob": [
            [
                0.0127328546,
                -267.921035,
                48.0269622,
                0.1493955095606651,
                0.14670487956857758,
                -0.6829530779916054,
                0.699809797942034,
                0.009548782678424923,
                0.4217867581853925,
                -1.5443721331557274,
                -0.0123827095,
                -10.0324182,
                -0.0046674927,
                0.0,
                0.0,
                0.0,
                0,
                0,
                0,
                0,
                0.0,
                0.0,
                0.0
            ]
        ]
    },
    "6": {
        "goal": [
            72.04598443773106,
            -448.3998955302556,
            0
        ],
        "actions": [
            0
        ],
        "rewards": [
            -0.5
        ],
        "drone_ob": [
            [
                0.0127328546,
                -267.921035,
                48.0269622,
                0.1493955095606651,
                0.14670487956857758,
                -0.6829530779916054,
                0.699809797942034,
                0.009548782678424923,
                0.4217867581853925,
                -1.5443721331557274,
                -0.0123827095,
                -10.0324182,
                -0.0046674927,
                0.0,
                0.0,
                0.0,
                0,
                0,
                0,
                0,
                0.0,
                0.0,
                0.0
            ]
        ]
    },
    "7": {
        "goal": [
            -37.480232578322074,
            -384.17399056759666,
            0
        ],
        "actions": [
            0
        ],
        "rewards": [
            -0.5
        ],
        "drone_ob": [
            [
                0.0127328546,
                -267.921035,
                48.0269622,
                0.1493955095606651,
                0.14670487956857758,
                -0.6829530779916054,
                0.699809797942034,
                0.009548782678424923,
                0.4217867581853925,
                -1.5443721331557274,
                -0.0123827095,
                -10.0324182,
                -0.0046674927,
                0.0,
                0.0,
                0.0,
                0,
                0,
                0,
                0,
                0.0,
                0.0,
                0.0
            ]
        ]
    }
}
